"filename", "language", "JavaScript", "HTML", "Rust", "JSON", "Python", "comment", "blank", "total"
"c:\Users\Xenon\OneDrive\NetVerses\backend\API\auth\link\link-acc.js", "JavaScript", 23, 0, 0, 0, 0, 0, 5, 28
"c:\Users\Xenon\OneDrive\NetVerses\backend\API\auth\login.js", "JavaScript", 13, 0, 0, 0, 0, 0, 2, 15
"c:\Users\Xenon\OneDrive\NetVerses\backend\API\auth\logout.js", "JavaScript", 6, 0, 0, 0, 0, 0, 1, 7
"c:\Users\Xenon\OneDrive\NetVerses\backend\API\auth\rotate-token.js", "JavaScript", 73, 0, 0, 0, 0, 0, 14, 87
"c:\Users\Xenon\OneDrive\NetVerses\backend\API\auth\status.js", "JavaScript", 17, 0, 0, 0, 0, 0, 4, 21
"c:\Users\Xenon\OneDrive\NetVerses\backend\API\checkAuth.js", "JavaScript", 1, 0, 0, 0, 0, 0, 1, 2
"c:\Users\Xenon\OneDrive\NetVerses\backend\API\checkRegion.js", "JavaScript", 44, 0, 0, 0, 0, 0, 5, 49
"c:\Users\Xenon\OneDrive\NetVerses\backend\API\feed\get-feed.js", "JavaScript", 46, 0, 0, 0, 0, 0, 8, 54
"c:\Users\Xenon\OneDrive\NetVerses\backend\API\feed\get-interests.js", "JavaScript", 0, 0, 0, 0, 0, 0, 1, 1
"c:\Users\Xenon\OneDrive\NetVerses\backend\API\feed\retrieveLocalFeed.js", "JavaScript", 0, 0, 0, 0, 0, 0, 1, 1
"c:\Users\Xenon\OneDrive\NetVerses\backend\API\otp\login\otp-request.js", "JavaScript", 0, 0, 0, 0, 0, 0, 1, 1
"c:\Users\Xenon\OneDrive\NetVerses\backend\API\otp\otp-confirm.js", "JavaScript", 209, 0, 0, 0, 0, 0, 30, 239
"c:\Users\Xenon\OneDrive\NetVerses\backend\API\otp\otp-request.js", "JavaScript", 146, 0, 0, 0, 0, 1, 28, 175
"c:\Users\Xenon\OneDrive\NetVerses\backend\API\safeSerialize.js", "JavaScript", 9, 0, 0, 0, 0, 0, 1, 10
"c:\Users\Xenon\OneDrive\NetVerses\backend\API\security\get-csrf.js", "JavaScript", 36, 0, 0, 0, 0, 0, 10, 46
"c:\Users\Xenon\OneDrive\NetVerses\backend\API\security\validateSession.js", "JavaScript", 29, 0, 0, 0, 0, 3, 8, 40
"c:\Users\Xenon\OneDrive\NetVerses\backend\API\services\translateVerse.js", "JavaScript", 30, 0, 0, 0, 0, 0, 3, 33
"c:\Users\Xenon\OneDrive\NetVerses\backend\API\tokenUtils.js", "JavaScript", 6, 0, 0, 0, 0, 0, 2, 8
"c:\Users\Xenon\OneDrive\NetVerses\backend\API\user\avatarUpload.js", "JavaScript", 55, 0, 0, 0, 0, 0, 13, 68
"c:\Users\Xenon\OneDrive\NetVerses\backend\API\user\self\getInterests.js", "JavaScript", 23, 0, 0, 0, 0, 0, 5, 28
"c:\Users\Xenon\OneDrive\NetVerses\backend\API\user\syncInterests.js", "JavaScript", 37, 0, 0, 0, 0, 0, 9, 46
"c:\Users\Xenon\OneDrive\NetVerses\backend\API\user\updateProfile.js", "JavaScript", 42, 0, 0, 0, 0, 0, 6, 48
"c:\Users\Xenon\OneDrive\NetVerses\backend\API\users\checkEmail.js", "JavaScript", 24, 0, 0, 0, 0, 0, 6, 30
"c:\Users\Xenon\OneDrive\NetVerses\backend\API\users\checkUsername.js", "JavaScript", 52, 0, 0, 0, 0, 0, 8, 60
"c:\Users\Xenon\OneDrive\NetVerses\backend\API\users\user.js", "JavaScript", 16, 0, 0, 0, 0, 0, 4, 20
"c:\Users\Xenon\OneDrive\NetVerses\backend\AssetsRoute.js", "JavaScript", 56, 0, 0, 0, 0, 0, 2, 58
"c:\Users\Xenon\OneDrive\NetVerses\backend\assets\scripts\ga.js", "JavaScript", 7, 0, 0, 0, 0, 0, 1, 8
"c:\Users\Xenon\OneDrive\NetVerses\backend\auth\HandleJWT.js", "JavaScript", 11, 0, 0, 0, 0, 0, 3, 14
"c:\Users\Xenon\OneDrive\NetVerses\backend\auth\checkAuth.js", "JavaScript", 56, 0, 0, 0, 0, 0, 12, 68
"c:\Users\Xenon\OneDrive\NetVerses\backend\auth\detailsGenerator.js", "JavaScript", 9, 0, 0, 0, 0, 0, 4, 13
"c:\Users\Xenon\OneDrive\NetVerses\backend\auth\userTracking.js", "JavaScript", 1, 0, 0, 0, 0, 0, 1, 2
"c:\Users\Xenon\OneDrive\NetVerses\backend\blacklisted-phones.json", "JSON", 0, 0, 0, 0, 0, 0, 1, 1
"c:\Users\Xenon\OneDrive\NetVerses\backend\constants\ElevatedPrivilegesIPs.json", "JSON", 0, 0, 0, 0, 0, 0, 1, 1
"c:\Users\Xenon\OneDrive\NetVerses\backend\constants\blacklistedCountries.js", "JavaScript", 14, 0, 0, 0, 0, 0, 2, 16
"c:\Users\Xenon\OneDrive\NetVerses\backend\constants\reservedPaths.json", "JSON", 0, 0, 0, 12, 0, 0, 1, 13
"c:\Users\Xenon\OneDrive\NetVerses\backend\database\config\database.js", "JavaScript", 13, 0, 0, 0, 0, 1, 3, 17
"c:\Users\Xenon\OneDrive\NetVerses\backend\database\index.js", "JavaScript", 11, 0, 0, 0, 0, 0, 3, 14
"c:\Users\Xenon\OneDrive\NetVerses\backend\database\models\Boosts.js", "JavaScript", 0, 0, 0, 0, 0, 0, 1, 1
"c:\Users\Xenon\OneDrive\NetVerses\backend\database\models\Channels.js", "JavaScript", 176, 0, 0, 0, 0, 0, 10, 186
"c:\Users\Xenon\OneDrive\NetVerses\backend\database\models\Clubs.js", "JavaScript", 165, 0, 0, 0, 0, 0, 10, 175
"c:\Users\Xenon\OneDrive\NetVerses\backend\database\models\DataConsentRecord.js", "JavaScript", 26, 0, 0, 0, 0, 0, 4, 30
"c:\Users\Xenon\OneDrive\NetVerses\backend\database\models\DigitalCarbonCredits.js", "JavaScript", 0, 0, 0, 0, 0, 0, 1, 1
"c:\Users\Xenon\OneDrive\NetVerses\backend\database\models\Feed.js", "JavaScript", 253, 0, 0, 0, 0, 0, 8, 261
"c:\Users\Xenon\OneDrive\NetVerses\backend\database\models\OTP.js", "JavaScript", 56, 0, 0, 0, 0, 0, 3, 59
"c:\Users\Xenon\OneDrive\NetVerses\backend\database\models\Session.js", "JavaScript", 32, 0, 0, 0, 0, 0, 3, 35
"c:\Users\Xenon\OneDrive\NetVerses\backend\database\models\Subscriptions.js", "JavaScript", 0, 0, 0, 0, 0, 0, 1, 1
"c:\Users\Xenon\OneDrive\NetVerses\backend\database\models\User.js", "JavaScript", 387, 0, 0, 0, 0, 0, 18, 405
"c:\Users\Xenon\OneDrive\NetVerses\backend\database\models\UserActions.js", "JavaScript", 77, 0, 0, 0, 0, 0, 6, 83
"c:\Users\Xenon\OneDrive\NetVerses\backend\database\models\UserConnections.js", "JavaScript", 0, 0, 0, 0, 0, 0, 1, 1
"c:\Users\Xenon\OneDrive\NetVerses\backend\database\models\UserCredits.js", "JavaScript", 0, 0, 0, 0, 0, 0, 1, 1
"c:\Users\Xenon\OneDrive\NetVerses\backend\database\models\digitalReputation.js", "JavaScript", 46, 0, 0, 0, 0, 0, 5, 51
"c:\Users\Xenon\OneDrive\NetVerses\backend\database\models\digitalSignatureParties.js", "JavaScript", 0, 0, 0, 0, 0, 0, 1, 1
"c:\Users\Xenon\OneDrive\NetVerses\backend\database\models\legalDocuments.js", "JavaScript", 0, 0, 0, 0, 0, 0, 1, 1
"c:\Users\Xenon\OneDrive\NetVerses\backend\database\models\legalSignature.js", "JavaScript", 0, 0, 0, 0, 0, 0, 1, 1
"c:\Users\Xenon\OneDrive\NetVerses\backend\database\models\userPreferenceData.js", "JavaScript", 10, 0, 0, 0, 0, 0, 6, 16
"c:\Users\Xenon\OneDrive\NetVerses\backend\database\sync.js", "JavaScript", 22, 0, 0, 0, 0, 0, 9, 31
"c:\Users\Xenon\OneDrive\NetVerses\backend\documents\Invoice_template.html", "HTML", 0, 9, 0, 0, 0, 0, 1, 10
"c:\Users\Xenon\OneDrive\NetVerses\backend\middlewares\antiddos_middleware.js", "JavaScript", 0, 0, 0, 0, 0, 0, 1, 1
"c:\Users\Xenon\OneDrive\NetVerses\backend\middlewares\api_middleware.js", "JavaScript", 129, 0, 0, 0, 0, 0, 29, 158
"c:\Users\Xenon\OneDrive\NetVerses\backend\middlewares\assets_middleware.js", "JavaScript", 53, 0, 0, 0, 0, 0, 15, 68
"c:\Users\Xenon\OneDrive\NetVerses\backend\middlewares\auth_middleware.js", "JavaScript", 100, 0, 0, 0, 0, 0, 20, 120
"c:\Users\Xenon\OneDrive\NetVerses\backend\middlewares\content_middleware.js", "JavaScript", 57, 0, 0, 0, 0, 0, 9, 66
"c:\Users\Xenon\OneDrive\NetVerses\backend\middlewares\csrf_middleware.js", "JavaScript", 44, 0, 0, 0, 0, 0, 14, 58
"c:\Users\Xenon\OneDrive\NetVerses\backend\middlewares\rate_limiter.js", "JavaScript", 36, 0, 0, 0, 0, 0, 10, 46
"c:\Users\Xenon\OneDrive\NetVerses\backend\middlewares\routeGuardMiddleware.js", "JavaScript", 39, 0, 0, 0, 0, 0, 15, 54
"c:\Users\Xenon\OneDrive\NetVerses\backend\middlewares\tracking_middleware.js", "JavaScript", 0, 0, 0, 0, 0, 0, 1, 1
"c:\Users\Xenon\OneDrive\NetVerses\backend\portforwarding.js", "JavaScript", 56, 0, 0, 0, 0, 0, 8, 64
"c:\Users\Xenon\OneDrive\NetVerses\backend\radio_channels\decoder.js", "JavaScript", 0, 0, 0, 0, 0, 0, 1, 1
"c:\Users\Xenon\OneDrive\NetVerses\backend\radio_channels\ollama.py", "Python", 0, 0, 0, 0, 0, 0, 1, 1
"c:\Users\Xenon\OneDrive\NetVerses\backend\radio_channels\radio_collect.js", "JavaScript", 11, 0, 0, 0, 0, 0, 1, 12
"c:\Users\Xenon\OneDrive\NetVerses\backend\radio_channels\recordAudioChunks.py", "Python", 0, 0, 0, 0, 0, 0, 1, 1
"c:\Users\Xenon\OneDrive\NetVerses\backend\radio_channels\speech_to_text.py", "Python", 0, 0, 0, 0, 0, 0, 1, 1
"c:\Users\Xenon\OneDrive\NetVerses\backend\route.js", "JavaScript", 138, 0, 0, 0, 0, 0, 2, 140
"c:\Users\Xenon\OneDrive\NetVerses\backend\routers\selfRouter.js", "JavaScript", 49, 0, 0, 0, 0, 0, 14, 63
"c:\Users\Xenon\OneDrive\NetVerses\backend\routers\userRouter.js", "JavaScript", 8, 0, 0, 0, 0, 0, 4, 12
"c:\Users\Xenon\OneDrive\NetVerses\backend\server.js", "JavaScript", 324, 0, 0, 0, 0, 1, 43, 368
"c:\Users\Xenon\OneDrive\NetVerses\backend\server.rs", "Rust", 0, 0, 0, 0, 0, 0, 1, 1
"c:\Users\Xenon\OneDrive\NetVerses\backend\servers_list.json", "JSON", 0, 0, 0, 3, 0, 0, 0, 3
"c:\Users\Xenon\OneDrive\NetVerses\backend\services\sendEmail.js", "JavaScript", 21, 0, 0, 0, 0, 0, 3, 24
"c:\Users\Xenon\OneDrive\NetVerses\backend\services\sendVerification.js", "JavaScript", 217, 0, 0, 0, 0, 0, 6, 223
"c:\Users\Xenon\OneDrive\NetVerses\backend\templates\email\OTPemail.html", "HTML", 0, 157, 0, 0, 0, 27, 1, 185
"c:\Users\Xenon\OneDrive\NetVerses\backend\templates\email\emailAdvertising.html", "HTML", 0, 9, 0, 0, 0, 0, 1, 10
"c:\Users\Xenon\OneDrive\NetVerses\backend\utils\Nuxt.js", "JavaScript", 0, 0, 0, 0, 0, 0, 1, 1
"c:\Users\Xenon\OneDrive\NetVerses\backend\utils\renderHTML.js", "JavaScript", 0, 0, 0, 0, 0, 0, 1, 1
"Total", "-", 3647, 175, 0, 15, 0, 33, 505, 4375